NCBI no,Positive,Negative
BAC110,0.9795066026632034,0.02049339733679656
BAC112,0.9977174007878495,0.00228259921215046
BAC116,0.9953866476075541,0.004613352392445869
BAC127,0.18247285595299684,0.8175271440470031
